ID_UNIDADE,ID_UNIDADE_RESPONSAVEL,NOME
203,200,ALE - Animais de Grande Porte
202,200,ALE - Animais de Medio Porte
201,200,ALE - Animais de Pequeno Porte
209,194,ALE - Aquicultura
174,172,ALE - Auditoria Interna de Alegre
205,204,ALE - Carnes
1268,172,ALE - Centro de Form de Trein e Inst Cães Guia
1272,194,ALE - Cooperativa
1231,194,ALE - Cooperativa Alegre
233,229,ALE - Coord de Atendimento Multidisciplinar
176,172,ALE - Coord de Comunicacao Social e Eventos
212,210,ALE - Coord de Cursos e Programa de Pos-Gradua
1273,210,ALE - Coord de Integração Campus-Comunidade
178,177,ALE - Coord de Selecao e Desenvolvimento de Pe
189,183,ALE - Coord de Servicos Auxiliares e Transport
1288,222,ALE - COORD DO CURSO DE BACHAREL CIENCIAS BIOLOGICAS
1236,225,ALE - Coord do curso DE ENGENHARIA EM AQUICULT
1239,225,ALE - Coord do curso DE LIC E BACH EM CIE BIO
1284,222,ALE - COORD DO CURSO DE QUIMICA INDUSTRIAL
1238,225,ALE - Coord do curso DE TECNOL EM AN E DES SIS
1235,225,ALE - Coord do curso DE TECNOLOGIA EM AQUICUL
1237,225,ALE - Coord do curso DE TECNOLOGIA EM CAFEIC
1233,225,ALE - Coord do curso tec em agroINDUSTRIA
1232,225,ALE - Coord do curso tec em agropecuaria
1234,225,ALE - Coord do curso tec em INFORMATICA
236,229,ALE - Coordenadoria Ambulatorial
195,194,ALE - Coordenadoria de Agricultura
204,194,ALE - Coordenadoria de Agroindustria
234,229,ALE - Coordenadoria de Alimentacao e Nutricao
193,183,ALE - Coordenadoria de Almoxarifado
230,229,ALE - Coordenadoria de Apoio ao Ensino
231,229,ALE - Coordenadoria de Biblioteca
179,177,ALE - Coordenadoria de Cadastro e Beneficios
186,183,ALE - Coordenadoria de Contabilidade
225,222,ALE - Coordenadoria de Cursos
190,183,ALE - Coordenadoria de Engenharia e Manutencao
185,183,ALE - Coordenadoria de Execucao Orc e Financei
214,210,ALE - Coordenadoria de Extensao
224,222,ALE - Coordenadoria de Formacao Geral
187,183,ALE - Coordenadoria de Gestao de Contratos
226,222,ALE - Coordenadoria de Gestao Pedagogica
235,229,ALE - Coordenadoria de Internato
219,210,ALE - Coordenadoria de Laboratorios
181,177,ALE - Coordenadoria de Legislacao e Normas
188,183,ALE - Coordenadoria de Licitacoes e Compras
180,177,ALE - Coordenadoria de Pagamento de Pessoas
192,183,ALE - Coordenadoria de Patrimonio
211,210,ALE - Coordenadoria de Pesquisa
223,222,ALE - Coordenadoria de Planejamento Academico
184,183,ALE - Coordenadoria de Protocolo e Arquivo
232,229,ALE - Coordenadoria de Recursos Didaticos
228,222,ALE - Coordenadoria de Registro Academico CS
227,222,ALE - Coordenadoria de Registro Academico CT
175,172,ALE - Coordenadoria de TI
200,194,ALE - Coordenadoria de Zootecnia
222,220,ALE - Coordenadoria Geral de Ensino
183,182,"ALE - Coord Geral de Adm, Orc e Financas"
229,220,ALE - Coord Geral de Assistencia_a Comunidade
194,182,ALE - Coord Geral de Gestao de Campo
177,172,ALE - Coord Geral de Gestao de Pessoas
197,195,ALE - Culturas Anuais
198,195,ALE - Culturas Perenes
210,172,ALE - Dir de Pesq Pos Grad e Extensao
182,172,ALE - Diretoria de Admnistracao e Planejamento
220,172,ALE - Diretoria de Ensino
172,171,ALE - Diretoria Geral do Campus de Alegre
216,1273,ALE - Extensao Comunitaria
218,1273,ALE - Extensao Tecnologica
173,172,ALE - Gabinete DG de Alegre
215,1273,ALE - Integracao Estagio Empresa
206,204,ALE - Laticinios
208,194,ALE - Mecanizacao Rural
191,190,ALE - Obras e Manutencao
196,195,ALE - Olericultura
213,210,ALE - Polo/Nucleo de Educacao Ambiental
221,220,ALE - Protocolo Academico
217,1273,ALE - Relacoes Empresariais
1271,189,ALE - Setor de Eletricidade
1269,189,ALE - Setor de Transporte
1270,189,ALE - Unidade Hídrica
207,204,ALE - Vegetais
199,195,ALE - Viveiros
240,238,ARA - AUDITORIA INTERNA ARACRUZ
258,249,ARA - Coord de Almoxarifado e Patrimonio
282,281,ARA - Coord de Apoio ao Ensino
285,281,ARA - Coord de Atend Multidisciplinar
283,281,ARA - Coord de Biblioteca
252,249,ARA - Coord de Contabilidade
261,259,ARA - Coord de Cursos e Prog de Pos-Grad
256,249,ARA - Coord de Eng e Manut
251,249,ARA - Coord de Execucao Orcamentaria e Finance
263,259,ARA - Coord de Extensao
274,272,ARA - Coord de Formacao Geral
253,249,ARA - Coord de Gestao de Contratos
278,272,ARA - Coord de Gestao Pedagogica
264,259,ARA - Coord de Integracao Campus-Comunidade
269,259,ARA - Coord de Laboratorios
246,243,ARA - Coord de Legislacao e Normas de Pessoal
254,249,ARA - Coord de Licitacoes e Compras
260,259,ARA - Coord de Pesquisa
273,272,ARA - Coord de Planejamento Academico
250,249,ARA - Coord de Protocolo e Arquivo
284,281,ARA - Coord de Recursos Didaticos
279,272,ARA - Coord de Registro Academico
255,249,ARA - Coord de Servicos Auxiliares e Transport
280,272,ARA - Coord do Curso de Eng Mec
277,272,ARA - Coord do Curso de Licen em Quim
1277,272,ARA - COORD DO CURSO DE QUIMICA INDUSTRIAL
275,272,ARA - Coord do Curso Tec em Mecanica
276,272,ARA - Coord do Curso Tec em Quim
247,243,ARA - Coordenadoria de Cadastro e Beneficios
242,238,ARA - COORDENADORIA DE COMUNICACAO SOCIAL E EV
245,243,ARA - Coordenadoria de Pagamento de Pessoas
244,243,ARA - Coordenadoria de Selecao e Desenvolvime
241,238,ARA - COORDENADORIA DE TI
249,248,"ARA - Coord Geral de Adm, Orc e Financas"
281,270,ARA - Coord Geral de Assist a Comunidade
272,270,ARA - Coord Geral de Ensino
243,238,ARA - COORD GERAL DE GESTÃO DE PESSOAS
259,238,"ARA - Dir de Pesq, Pos-Grad e Ext"
248,238,ARA - Diretoria de Administracao e Planejamen
270,238,ARA - Diretoria de Ensino
238,237,ARA - Diretoria Geral Aracruz
266,264,ARA - Extensao Comunitaria
268,264,ARA - Extensao Tecnologica
239,238,ARA - GABINETE DG ARACRUZ
265,264,ARA - Integracao Estagio-Empresa
257,256,ARA - Obras e Manutencao
262,259,ARA - Polo/Nucleo de Educ Amb
271,270,ARA - Protocolo Academico
267,264,ARA - Relacoes Empresariais
289,287,BSF - Auditoria Interna
309,308,BSF - Coord de Agricultura
311,308,BSF - Coord de Agroindustria
307,298,BSF - Coord de Almoxarifado e Patrimonio
332,331,BSF - Coord de Apoio ao Ensino
335,331,BSF - Coord de Atend Multidisciplinar
333,331,BSF - Coord de Biblioteca
294,292,BSF - Coord de Cadastro e Beneficios
291,287,BSF - Coord de Comunicacao Social e Eventos
301,298,BSF - Coord de Contabilidade
314,312,BSF - Coord de Cursos e Programas de Pos-Grad
328,325,BSF - Coord de Curso Tec em Adm
305,298,BSF - Coord de Eng e Manut
300,298,BSF - Coord de Execucao Orcam e Fin
316,312,BSF - Coord de Extensao
327,325,BSF - Coord de Formacao Geral
302,298,BSF - Coord de Gestao de Contratos
329,325,BSF - Coord de Gestao Pedag
317,312,BSF - Coord de Integ Campus-Comunid
322,312,BSF - Coord de Laboratorios
296,292,BSF - Coord de Legislacao e Normas
303,298,BSF - Coord de Licitacoes e Compras
295,292,BSF - Coord de Pagamento de Pessoas
313,312,BSF - Coord de Pesq
326,325,BSF - Coord de Planej Academ
299,298,BSF - Coord de Protocolo e Arquivo
334,331,BSF - Coord de Recursos Didaticos
330,325,BSF - Coord de Registro Academ
293,292,BSF - Coord de Selecao e Desen de Pessoas
304,298,BSF - Coord de Servicos Auxiliar e Transporte
290,287,BSF - Coord de TI
310,308,BSF - Coord de Zootecnia
298,297,BSF - Coord Geral de Adm Orc e Fin
331,323,BSF - Coord Geral de Assist a Comunidade
325,323,BSF - COORD GERAL DE ENSINO
308,297,BSF - Coord Geral de Gestao de Campo
292,287,BSF - Coord Geral de Gestao de Pessoas
297,287,BSF - Dir de Adm e Planej
323,287,BSF - Dir de Ensino
312,287,"BSF - Dir de Pesq, Pos-Grad e Ext"
287,286,BSF - Diretoria Geral BSF
319,317,BSF - Extensao Comunitaria
321,317,BSF - Ext Tecnologica
288,287,BSF - Gabinete DG BSF
318,317,BSF - Integ Estagio-Empresa
306,305,BSF - Obras e Manut
315,312,BSF - Polo/Nucleo de Educ Amb
324,323,BSF - Protocolo Academico
320,317,BSF - Relacoes Empresariais
339,337,CAI - Auditoria Interna_CAI
358,348,CAI - Coord de Almoxarifado
385,384,CAI - Coord de Apoio ao Ensino
388,384,CAI - Coord de Atend Multidisciplinar
386,384,CAI - Coord de Biblioteca
344,342,CAI - Coord de Cadastro e Beneficios
341,337,CAI - Coord de Comunicacao Social e Eventos
351,348,CAI - Coord de Contabilidade
361,359,CAI - Coord de Cursos e Prog de Pos-Grad
355,348,CAI - Coord de Eng e Manut
350,348,CAI - Coord de Execucao Orc e Fin
363,359,CAI - Coord de Extensao
374,372,CAI - Coord de Formacao Geral
352,348,CAI - Coord de Gestao de Contratos
382,372,CAI - Coord de Gestao Pedagogica
364,359,CAI - Coord de Integ Campus-Comunidade
369,359,CAI - Coord de Laboratorios
346,342,CAI - Coord de Legisl e Normas de Pessoal
353,348,CAI - Coord de Licitacoes e Compras
345,342,CAI - Coord de Pagamento de Pessoas
357,348,CAI - Coord de Patrimonio
360,359,CAI - Coord de Pesq
373,372,CAI - Coord de Planej Academico
349,348,CAI - Coord de Protocolo e Arquivo
387,384,CAI - Coord de Recursos Didaticos
383,372,CAI - Coord de Reg Academico
343,342,CAI - Coord de Selecao e Desen de Pessoas
354,348,CAI - Coord de Servicos Aux e Transporte
340,337,CAI - Coord de TI
376,372,CAI - Coord do Curso de Eng de Minas
377,372,CAI - Coord do Curso de Eng Mec
378,372,CAI - Coord do Curso de Licenc em Inform
375,372,CAI - Coord do Curso de Licen em Mat
1283,372,CAI - COORD DO CURSO SUP DE SISTEMAS DE INFORMACAO
381,372,CAI - Coord do Curso Tec em Eletromecanica
379,372,CAI - Coord do Curso Tec em Inform
380,372,CAI - Coord do Curso Tec em Min
348,347,"CAI - Coord Geral de Adm, Orc e Fin"
384,370,CAI - Coord Geral de Assist a Comunidade
372,370,CAI - COORD GERAL DE ENSINO
342,337,CAI - Coord Geral de Gestao de Pessoas
347,337,CAI - Dir de Adm e Planej
370,337,CAI - Dir de Ensino
359,337,"CAI - Dir de Pesq, Pos-Grad e Ext"
337,336,CAI - Diretoria Geral CAI
366,364,CAI - Extensao Comunitaria
368,364,CAI - Extensao Tecnologica
338,337,CAI - Gabinete do DG CAI
365,364,CAI - Integ Estagio-Empresa
356,355,CAI - Obras e Manut
362,359,CAI - Polo/Nucleo de Educ Amb
371,370,CAI - Protocolo Academico
367,364,CAI - Relacoes Empresariais
237,100,CAMPUS ARACRUZ
1220,389,CAMPUS AVANCADO DE VIANA
286,100,CAMPUS BARRA DE SAO FRANCISCO
336,100,CAMPUS CACHOEIRO DE ITAPEMIRIM
389,100,CAMPUS CARIACICA
430,100,CAMPUS CENTRO-SERRANO
480,100,CAMPUS COLATINA
171,100,CAMPUS DE ALEGRE
533,100,CAMPUS GUARAPARI
579,100,CAMPUS IBATIBA
632,100,CAMPUS ITAPINA
702,100,CAMPUS LINHARES
797,100,CAMPUS MONTANHA
749,100,CAMPUS NOVA VENECIA
848,100,CAMPUS PIUMA
897,100,CAMPUS SANTA TERESA
969,100,CAMPUS SAO MATEUS
1003,100,CAMPUS SERRA
1053,100,CAMPUS VENDA NOVA DO IMIGRANTE
1102,100,CAMPUS VILA VELHA
1151,100,CAMPUS VITORIA
392,390,CAR - Auditoria Interna CAR
410,401,CAR - Coord de Almoxarifado e Patrimo
426,425,CAR - Coord de Apoio ao Ensino
429,425,CAR - Coord de Atend Multidisciplinar
427,425,CAR - Coord de Biblioteca
397,395,CAR - Coord de Cadastro e Beneficios
394,390,CAR - Coord de Comunic Social e Eventos
404,401,CAR - Coord de Contabilidade
413,411,CAR - Coord de Cursos e Programa de Pos-Grad
408,401,CAR - Coord de Eng e Manut
403,401,CAR - Coord de Execucao Orc e Fin
415,411,CAR - Coord de Extensao
1248,1246,CAR - Coord de Formacao Geral
405,401,CAR - Coord de Gestao de Contratos
423,1246,CAR - Coord de Gestao Pedagogica
416,411,CAR - Coord de Integ Campus-Comunidade
1243,411,CAR - Coord de Laboratorios
399,395,CAR - Coord de Legisl e Normas
406,401,CAR - Coord de Licitacoes e Compras
398,395,CAR - Coord de Pagamento
412,411,CAR - Coord de Pesq
1247,1246,CAR - Coord de Planej Academico
402,401,CAR - Coord de Protocolo e Arquivo
428,425,CAR - Coord de Recursos Didaticos
424,1246,CAR - Coord de Reg Academico
396,395,CAR - Coord de Selecao e Desenv de Pessoas
407,401,CAR - Coord de Serv Auxiliares e Transporte
393,390,CAR - Coord de TI
1249,1246,CAR - Coord do Curso de Engenharia de Prod
418,1246,CAR - Coord do Curso de Licenc em Fisica
1286,1246,CAR - COORD DO CURSO DE MESTRADO ENS FISICA
419,1246,CAR - Coord do Curso Tec em Adm
420,1246,CAR - Coord do Curso Tec em Ferrovias
421,1246,CAR - Coord do Curso Tec em Logistica
422,1246,CAR - Coord do Curso Tec em Portos
401,400,"CAR - Coord Geral de Adm, Orc e Fin"
425,1244,CAR - Coord Geral de Assist a Comunidade
1246,1244,CAR - Coord Geral de Ensino
395,390,CAR - Coord Geral de Gestao de Pessoas
400,390,CAR - Dir de Adm e Planej
1244,390,CAR - Dir de Ensino
411,390,"CAR - Dir de Pesq, Pos-Grad e Ext"
390,389,CAR - Diretoria Geral do Campus CAR
1240,416,CAR - Extensao Comunitaria
1242,416,CAR - Extensao Tecnologica
391,390,CAR - Gabinete DG Cariacica
417,416,CAR - Integracao Estagio-Empresa
409,408,CAR - Obras e Manut
414,411,CAR - Polo/Nucleo de Educ Amb
1245,1244,CAR - Protocolo Academico
1241,416,CAR - Relacoes Empresariais
483,481,COL - Auditoria Interna Colatina
502,492,COL - Coord de Almoxarifado
529,528,COL - Coord de Apoio ao Ensino
532,528,COL - Coord de Atend Multidisciplinar
530,528,COL - Coord de Biblioteca
488,486,COL - Coord de Cadastro e Beneficios
485,481,COL - Coord de Comunic Social e Eventos
495,492,COL - Coord de Contabilidade
505,503,COL - Coord de Cursos e Programas de Pos-Grad
499,492,COL - Coord de Eng e Manut
494,492,COL - Coord de Exec Orc e Fin
507,503,COL - Coord de Extensao
518,516,COL - Coord de Formacao Geral
496,492,COL - Coord de Gestao de Contratos
526,516,COL - Coord de Gestao Pedagogica
508,503,COL - Coord de Integ Campus-Comunidade
513,503,COL - Coord de Laboratorios
490,486,COL - Coord de Legisl e Normas de Pessoal
497,492,COL - Coord de Licitacoes e Compras
489,486,COL - Coord de Pagamento de Pessoas
501,492,COL - Coord de Patrimonio
504,503,COL - Coord de Pesq
517,516,COL - Coord de Planej Academ
493,492,COL - Coord de Protocolo e Arquivo
531,528,COL - Coord de Recursos Didaticos
527,516,COL - Coord de Reg Academ
487,486,COL - Coord de Sel e Desen de Pessoas
498,492,COL - COORD DE SERV AUX E TRANSP
484,481,COL - Coord de TI
521,516,COL - Coord do Curso de Grad em Adm
522,516,COL - Coord do Curso de Grad em Arq e Urb
519,516,COL - Coord do Curso de Grad em Sist de Inf
520,516,COL - Coord do Curso de Grad em Tec de San Amb
523,516,COL - Coord do Curso Tec em Adm
525,516,COL - Coord do Curso Tec em Edif
524,516,COL - Coord do Curso Tec em Inf
492,491,"COL - Coord Geral de Adm, Orc e Fin"
528,514,COL - Coord Geral de Assist a Comunidade
516,514,COL - Coord Geral de Ensino
486,481,COL - Coord Geral de Gestao de Pessoas
491,481,COL - Dir de Adm e Planej
514,481,COL - Dir de Ensino
503,481,"COL - Dir de Pesq, Pos-Grad e Ext"
481,480,COL - Diretoria Geral Campus Colatina
510,508,COL - Extensao Comunitaria
512,508,COL - Extensao Tecnologica
482,481,COL - Gabinete do DG COL
509,508,COL - Integracao Estagio-Empresa
500,499,COL - Obras e Manutencao
506,503,COL - Polo/Nucleo de Educ Amb
515,514,COL - Protocolo Academico
511,508,COL - Relacoes Empresariais
433,431,CSE - Auditoria Interna CSE
453,452,CSE - Coord de Agricultura
455,452,CSE - Coord de Agroindustria
451,442,CSE - Coord de Almoxarifado e Patrimonio
476,475,CSE - Coord de Apoio ao Ensino
479,475,CSE - Coord de Atend Multidisciplinar
477,475,CSE - Coord de Biblioteca
438,436,CSE - Coord de Cadastro e Beneficios
435,431,CSE - Coord de Comunic Social e Eventos
445,442,CSE - Coord de Contabilidade
458,456,CSE - Coord de Cursos e Programas de Pos-Grad
449,442,CSE - Coord de Eng e Manut
444,442,CSE - Coord de Exec Orc e Fin
460,456,CSE - Coord de Extensao
471,469,CSE - Coord de Formacao Geral
446,442,CSE - Coord de Gestao de Contratos
473,469,CSE - Coord de Gestao Pedagogica
461,456,CSE - Coord de Integ Campus-Comunidade
466,456,CSE - Coord de Laboratorios
440,436,CSE - Coord de Legisl e Normas de Pessoal
447,442,CSE - Coord de Licitacoes e Compras
439,436,CSE - Coord de Pagamento de Pessoas
457,456,CSE - Coord de Pesquisa
470,469,CSE - Coord de Planej Academ
443,442,CSE - Coord de Protocolo e Arquivo
478,475,CSE - Coord de Rec Didaticos
474,469,CSE - Coord de Reg Academ
437,436,CSE - Coord de Selecao e Desenv de Pessoas
448,442,CSE - Coord de Serv Aux e Transp
434,431,CSE - Coord de TI
454,452,CSE - Coord de Zootecnia
472,469,CSE - Coord do Curso Tec em Adm
442,441,"CSE - Coord Geral de Adm, Orc e Fin"
475,467,CSE - Coord Geral de Assist a Comunid
469,467,CSE - Coord Geral de Ensino
452,441,CSE - Coord Geral de Gestao de Campo
436,431,CSE - Coord Geral de Gestao de Pessoas
441,431,CSE - Dir de Adm e Planej
467,431,CSE - Dir de Ensino
456,431,"CSE - Dir de Pesq, Pos-Grad e Ext"
431,430,CSE - Diretoria Geral CSE
463,461,CSE - Extensao Comunitaria
465,461,CSE - Extensao Tecnologica
432,431,CSE - Gabinete do DG Centro-Serrano
462,461,CSE - Integracao Estagio-Empresa
450,449,CSE - Obras e Manutencao
459,456,CSE - Polo/Nucleo de Educ Amb
468,467,CSE - Protocolo Academico
464,461,CSE - Relacoes Empresariais
536,534,GUA - Auditoria Interna Guarapari
554,545,GUA - Coord de Almoxarifado e Patrimonio
575,574,GUA - Coord de Apoio ao Ensino
578,574,GUA - Coord de Atend Multidisciplinar
576,574,GUA - Coord de Biblioteca
541,539,GUA - Coord de Cadastro e Beneficios
538,534,GUA - Coord de Comunic Social e Eventos
548,545,GUA - Coord de Contabilidade
557,555,GUA - Coord de Cursos e Programas de Pos-Grad
552,545,GUA - Coord de Eng e Manut
547,545,GUA - Coord de Exec Orc e Fin
558,555,GUA - Coord de Extensao
568,566,GUA - Coord de Formacao Geral
549,545,GUA - Coord de Gestao de Contratos
572,566,GUA - Coord de Gestao Pedagogica
559,555,GUA - Coord de Integracao Campus-Comunidade
564,555,GUA - Coord de Laboratorios
543,539,GUA - Coord de Legisl e Normas de Pessoal
550,545,GUA - Coord de Licitacoes e Compras
542,539,GUA - Coord de Pagamento de Pessoas
556,555,GUA - Coord de Pesquisa
567,566,GUA - Coord de Planej Academico
546,545,GUA - Coord de Protocolo e Arquivo
577,574,GUA - Coord de Recursos Didaticos
573,566,GUA - Coord de Registro Academico
540,539,GUA - Coord de Selecao e Desenv de Pessoas
551,545,GUA - Coord de Serv Aux e Tranp
537,534,GUA - Coord de TI
1265,566,GUA - COORD DO CURSO SUPERIOR EM ADM
571,566,GUA - Coord do Curso Tec em Adm
570,566,GUA - Coord do Curso Tec em Eletrotecnica
569,566,GUA - Coord do Curso Tec em Mec
545,544,"GUA - Coord Geral de Adm, Orc e Fin"
574,565,GUA - Coord Geral de Assis a Comunidade
566,565,GUA - Coord Geral de Ensino
539,534,GUA - Coord Geral de Gestao de Pessoas
544,534,GUA - Dir de Adm e Planej
565,534,GUA - Dir de Ensino
555,534,"GUA - Dir de Pesq, Pos-Grad e Ext"
534,533,GUA - Diretoria Geral Guarapari
561,559,GUA - Extensao Comunitaria
563,559,GUA - Extensao Tecnologica
535,534,GUA - Gabinete do Diretor Geral Guarapari
560,559,GUA - Integracao Estagio-Empresa
553,552,GUA - Obras e Manutencao
1250,555,GUA - Polo/Nucleo de Educ Amb
562,559,GUA - Relacoes Empresariais
582,580,IBA - Auditoria Interna_Ibatiba
602,601,IBA - Coord de Agricultura
604,601,IBA - Coord de Agroindustria
600,591,IBA - Coord de Almoxarifado e Patrimonio
628,627,IBA - Coord de Apoio ao Ensino
631,627,IBA - Coord de Atend Multidisciplinar
629,627,IBA - Coord de Biblioteca
587,585,IBA - Coord de Cadastro e Beneficios
584,580,IBA - Coord de Comunic Social e Eventos
594,591,IBA - Coord de Contabilidade
608,606,IBA - Coord de Cursos e Programas de Pos-Grad
598,591,IBA - Coord de Eng e Manut
593,591,IBA - Coord de Exec Orc e Fin
610,606,IBA - Coord de Extensao
621,619,IBA - Coord de Formacao Geral
595,591,IBA - Coord de Gestao de Contratos
625,619,IBA - Coord de Gestao Pedagogica
611,606,IBA - Coord de Integ Campus-Comunidade
616,606,IBA - Coord de Laboratorios
589,585,IBA - Coord de Legisl e Normas de Pessoal
596,591,IBA - Coord de Licitacoes e Compras
588,585,IBA - Coord de Pagamento de Pessoas
607,606,IBA - Coord de Pesquisa
620,619,IBA - Coord de Planej Academico
592,591,IBA - Coord de Protocolo e Arquivo
630,627,IBA - Coord de Recursos Didaticos
626,619,IBA - Coord de Registro Academico
586,585,IBA - Coord de Selecao e Desenv de Pessoas
597,591,IBA - Coord de Serv Aux e Transp
583,580,IBA - Coord de TI
603,601,IBA - Coord de Zootecnia
624,619,IBA - Coord do Curso de Eng Florestal
622,619,IBA - Coord do Curso Tec em Floresta
623,619,IBA - Coord do Curso Tec em Meio Amb
591,590,"IBA - Coord Geral de Adm, Orc e Fin"
627,617,IBA - Coord Geral de Assist a Comunidade
619,617,IBA - Coord Geral de Ensino
585,580,IBA - Coord Geral de Gestao de Pessoas
601,590,IBA - Coord Geral de Gestao do Campo
590,580,IBA - Dir de Adm e Planej
617,580,IBA - Dir de Ensino
606,580,"IBA - Dir de Pesq, Pos-Grad e Ext"
580,579,IBA - Diretoria Geral Campus Ibatiba
613,611,IBA - Extensao Comunitaria
615,611,IBA - Extensao Tecnologica
581,580,IBA - Gabinete do DG Ibatiba
612,611,IBA - Integracao Estagio-Empresa
599,598,IBA - Obras e Manutencao
609,606,IBA - Polo/Nucleo de Educ Amb
618,617,IBA - Protocolo Academico
614,611,IBA - Relacoes Empresariais
605,605,INSTITUTO FEDERAL DO ESPÍRITO SANTO
664,661,ITA - ANIMAIS DE GRANDE PORTE
663,661,ITA - ANIMAIS DE MEDIO PORTE
662,661,ITA - ANIMAIS DE PEQUENO PORTE
670,655,ITA - AQUICULTURA
636,633,ITA - AUDITORIA INTERNA ITAPINA
666,665,ITA - CARNES
671,655,ITA - COOPERATIVA
701,694,ITA - COORD AMBULATORIAL
656,655,ITA - COORD DE AGRICULTURA
665,655,ITA - COORD DE AGROINDUSTRIA
699,694,ITA - COORD DE ALIMENT E NUTRICAO
654,644,ITA - COORD DE ALMOXARIFADO
695,694,ITA - COORD DE APOIO AO ENSINO
698,694,ITA - COORD DE ATEND MULTIDISCIPLINAR
696,694,ITA - COORD DE BIBLIOTECA
640,638,ITA - COORD DE CADASTRO E BENEFICIOS
637,633,ITA - COORD DE COMUNIC SOCIAL E EVENTOS
647,644,ITA - COORD DE CONTABILIDADE
674,672,ITA - COORD DE CURSOS E PROGRAMAS DE POS-GRAD
651,644,ITA - COORD DE ENG E MANUT
646,644,ITA - COORD DE EXEC ORC E FIN
676,672,ITA - COORD DE EXTENSAO
687,685,ITA - COORD DE FORMACAO GERAL
648,644,ITA - COORD DE GESTAO DE CONTRATOS
692,685,ITA - COORD DE GESTAO PEDAGOGICA
677,672,ITA - COORD DE INTEG CAMPUS-COMUNIDADE
700,694,ITA - COORD DE INTERNATO
682,672,ITA - COORD DE LABORATORIOS
642,638,ITA - COORD DE LEGISL E NORMAS DE PESSOAL
641,638,ITA - COORD DE PAGAMENTO DE PESSOAS
653,644,ITA - COORD DE PATRIMONIO
673,672,ITA - COORD DE PESQUISA
686,685,ITA - COORD DE PLANEJ ACADEMICO
645,644,ITA - COORD DE PROTOCOLO E ARQUIVO
697,694,ITA - COORD DE RECURSOS DIDATICOS
693,685,ITA - COORD DE REGISTRO ACADEMICO
639,638,ITA - COORD DE SELECAO E DESENV DE PESSOAS
650,644,ITA - COORD DE SERV AUX E TRANSP
635,633,ITA - COORD DE TI
661,655,ITA - COORD DE ZOOTECNIA
689,685,ITA - COORD DO CURSO DE BAC EM AGRONOMIA
688,685,ITA - COORD DO CURSO DE LICENC EM CIEN AGRICOL
1195,685,ITA - COORD DO CURSO DE LICENC EM PEDAGOGIA
691,685,ITA - COORD DO CURSO TEC EM AGROPECUARIA
690,685,ITA - COORD DO CURSO TEC EM ZOOTECNIA
649,644,ITA - COORDENADORIA DE LICITACOES E COMPRAS
644,643,"ITA - COORD GERAL DE ADM, ORC E FIN"
694,683,ITA - COORD GERAL DE ASSIST A COMUNIDADE
685,683,ITA - COORD GERAL DE ENSINO
655,643,ITA - COORD GERAL DE GESTAO DE CAMPO
638,633,ITA - COORD GERAL DE GESTAO DE PESSOAS
658,656,ITA - CULTURAS ANUAIS
659,656,ITA - CULTURAS PERENES
643,633,ITA - DIR DE ADM E PLANEJ
683,633,ITA - DIR DE ENSINO
672,633,"ITA - DIR DE PESQ, POS-GRAD E EXT"
633,632,ITA - Diretoria Geral Itapina
679,677,ITA - EXTENSAO COMUNITARIA
681,677,ITA - EXTENSAO TECNOLOGICA
634,633,ITA - GABINETE DO DG ITAPINA
678,677,ITA - INTEGRACAO ESTAGIO-EMPRESA
667,665,ITA - LATICINIOS
669,655,ITA - MECANIZACAO RURAL
652,651,ITA - OBRAS E MANUTENCAO
657,656,ITA - OLERICULTURA
675,672,ITA - POLO/NUCLEO DE EDUC AMB
684,683,ITA - PROTOCOLO ACADEMICO
680,677,ITA - RELACOES EMPRESARIAIS
668,665,ITA - VEGETAIS
660,656,ITA - VIVEIROS
705,703,LIN - AUDITORIA INTERNA LINHARES
723,714,LIN - Coord de Almoxarifado e Patrimonio
745,744,LIN - COORD DE APOIO AO ENSINO
748,744,LIN - COORD DE ATENDIM MULTIDISCIPLINAR
746,744,LIN - COORD DE BIBLIOTECA
710,708,LIN - COORD DE CADASTRO E BENEFICIOS
707,703,LIN - COORD DE COMUNIC SOCIAL E EVENTOS
717,714,LIN - COORD DE CONTABILIDADE
726,724,LIN - COORD DE CURSOS E PROGRAMAS DE POS-GRAD
721,714,LIN - COORD DE ENG E MANUT
716,714,LIN - COORD DE EXEC ORC E FIN
728,724,LIN - COORD DE EXTENSAO
739,737,LIN - COORD DE FORMACAO GERAL
718,714,LIN - COORD DE GESTAO DE CONTRATOS
742,737,LIN - COORD DE GESTAO PEDAGOGICA
729,724,LIN - COORD DE INTEG CAMPUS-COMUNIDADE
734,724,LIN - COORD DE LABORATORIOS
712,708,LIN - COORD DE LEGISL E NORMAS DE PESSOAL
719,714,LIN - COORD DE LICITACOES E COMPRAS
711,708,LIN - COORD DE PAGAMENTO DE PESSOAS
725,724,LIN - COORD DE PESQUISA
738,737,LIN - COORD DE PLANEJ ACADEMICO
715,714,LIN - COORD DE PROTOCOLO E ARQUIVO
747,744,LIN - COORD DE RECURSOS DIDATICOS
743,737,LIN - COORD DE REGISTRO ACADEMICO
709,708,LIN - COORD DE SELECAO E DESENV DE PESSOAS
720,714,LIN - COORD DE SERV AUX E TRANSP
706,703,LIN - COORD DE TI
1292,737,LIN - COORD DO CURSO SUP DE ENG DE CONT E AUTOM
740,737,LIN - COORD DO CURSO TEC EM ADM
741,737,LIN - COORD DO CURSO TEC EM AUTOMACAO IND
714,713,"LIN - COORD GERAL DE ADM, ORC E FIN"
744,735,LIN - COORD GERAL DE ASSIS A COMUNIDADE
737,735,LIN - COORD GERAL DE ENSINO
708,703,LIN - COORD GERAL DE GESTAO DE PESSOAS
713,703,LIN - DIR DE ADM E PLANEJ
735,703,LIN - DIR DE ENSINO
724,703,"LIN - Dir de Pesq, Pos-Grad e Ext"
703,702,LIN - Diretoria Geral LINHARES
731,729,LIN - EXTENSAO COMUNITARIA
733,729,LIN - EXTENSAO TECNOLOGICA
704,703,LIN - GABINETE DO DG LINHARES
730,729,LIN - INTEGRACAO ESTAGIO-EMPRESA
722,721,LIN - OBRAS E MANUTENCAO
727,724,LIN - POLO/NUCLEO DE EDUC AMB
736,735,LIN - PROTOCOLO ACADEMICO
732,729,LIN - RELACOES EMPRESARIAIS
800,798,MON - AUDITORIA INTERNA
820,819,MON - COORD DE AGRICULTURA
822,819,MON - COORD DE AGROINDUSTRIA
818,809,MON - COORD DE ALMOXARIFADO E PATRIMONIO
844,843,MON - COORD DE APOIO AO ENSINO
847,843,MON - COORD DE ATEND MULTIDISCIPLINAR
845,843,MON - COORD DE BIBLIOTECA
805,803,MON - COORD DE CADASTRO E BENEFICIOS
802,798,MON - COORD DE COMUNIC SOCIAL E EVENTOS
812,809,MON - COORD DE CONTABILIDADE
825,823,MON - COORD DE CURSOS E PROGRAMAS DE POS-GRAD
816,809,MON - COORD DE ENG E MANUT
811,809,MON - COORD DE EXEC ORC E FIN
827,823,MON - COORD DE EXTENSAO
838,836,MON - COORD DE FORMACAO GERAL
813,809,MON - COORD DE GESTAO DE CONTRATOS
841,836,MON - COORD DE GESTAO PEDAGOGICA
828,823,MON - COORD DE INTEG CAMPUS-COMUNIDADE
833,823,MON - COORD DE LABORATORIOS
807,803,MON - COORD DE LEGISL E NORMAS DE PESSOAL
814,809,MON - COORD DE LICITACOES E COMPRAS
806,803,MON - COORD DE PAGAMENTO DE PESSOAS
824,823,MON - COORD DE PESQUISA
837,836,MON - COORD DE PLANEJ ACADEMICO
810,809,MON - COORD DE PROTOCOLO E ARQUIVO
846,843,MON - COORD DE RECURSOS DIDATICOS
842,836,MON - COORD DE REGISTRO ACADEMICO
804,803,MON - COORD DE SELECAO E DESENV DE PESSOAS
815,809,MON - COORD DE SERV AUX E TRANSP
801,798,MON - COORD DE TI
821,819,MON - COORD DE ZOOTECNIA
839,836,MON - COORD DO CURSO TEC EM ADM
840,836,MON - COORD DO CURSO TEC EM AGROPECUARIA
809,808,"MON - COORD GERAL DE ADM, ORC E FIN"
843,834,MON - COORD GERAL DE ASSIST A COMUNIDADE
836,834,MON - COORD GERAL DE ENSINO
819,808,MON - COORD GERAL DE GESTAO DE CAMPO
803,798,MON - COORD GERAL DE GESTAO DE PESSOAS
808,798,MON - DIR DE ADM E PLANEJ
834,798,MON - DIR DE ENSINO
823,798,"MON - DIR DE PESQ, POS-GRAD E EXT"
798,797,MON - DIRETORIA GERAL MONTANHA
830,828,MON - EXTENSAO COMUNITARIA
832,828,MON - EXTENSAO TECNOLOGICA
799,798,MON - GABINETE DO DG MONTANHA
829,828,MON - INTEGRACAO ESTAGIO-EMPRESA
817,816,MON - OBRAS E MANUT
826,823,MON - POLO/NUCLEO DE EDUC AMB
835,834,MON - PROTOCOLO ACADEMICO
831,828,MON - RELACOES EMPRESARIAIS
752,750,NOV - AUDITORIA INTERNA NV
770,761,NOV - COORD DE ALMOXARIFADO E PATRIMONIO
793,792,NOV - COORD DE APOIO AO ENSINO
796,792,NOV - COORD DE ATEND MULTIDISCIPLINAR
794,792,NOV - COORD DE BIBLIOTECA
757,755,NOV - COORD DE CADASTRO E BENEFICIOS
754,750,NOV - COORD DE COMUNIC SOCIAL E EVENTOS
764,761,NOV - COORD DE CONTABILIDADE
773,771,NOV - COORD DE CURSOS E PROGRAMAS DE POS-GRAD
768,761,NOV - COORD DE ENG E MANUT
763,761,NOV - COORD DE EXEC ORC E FIN
775,771,NOV - COORD DE EXTENSAO
786,784,NOV - COORD DE FORMACAO GERAL
765,761,NOV - COORD DE GESTAO DE CONTRATOS
790,784,NOV - COORD DE GESTAO PEDAGOGICA
776,771,NOV - COORD DE INTEG CAMPUS-COMUNIDADE
781,771,NOV - COORD DE LABORATORIOS
759,755,NOV - COORD DE LEGISL E NORMAS DE PESSOAL
766,761,NOV - COORD DE LICITACOES E COMPRAS
758,755,NOV - COORD DE PAGAMENTO DE PESSOAS
772,771,NOV - COORD DE PESQUISA
785,784,NOV - COORD DE PLANEJ ACADEMICO
762,761,NOV - COORD DE PROTOCOLO E ARQUIVO
795,792,NOV - COORD DE RECUSOS DIDATICOS
791,784,NOV - COORD DE REGISTRO ACADEMICO
756,755,NOV - COORD DE SELECAO E DESENV DE PESSOAS
767,761,NOV - COORD DE SERV AUX E TRANSPORTE
753,750,NOV - COORD DE TI
787,784,NOV - COORD DO CURSO DE LICENC EM GEO
788,784,NOV - COORD DO CURSO TEC EM EDIFICACOES
1285,784,NOV - COORD DO CURSO TEC EM MEIO AMBIENTE
789,784,NOV - COORD DO CURSO TEC EM MINERACAO
761,760,"NOV - COORD GERAL DE ADM, ORC E FIN"
792,782,NOV - COORD GERAL DE ASSIS A COMUNIDADE
784,782,NOV - COORD GERAL DE ENSINO
755,750,NOV - COORD GERAL DE GESTAO DE PESSOAS
760,750,NOV - DIR DE ADM E PLANEJ
782,750,NOV - DIR DE ENSINO
771,750,"NOV - DIR DE PESQ, POS-GRAD E EXT"
750,749,NOV - DIRETORIA GERAL NV
778,776,NOV - EXTENSAO COMUNITARIA
780,776,NOV - EXTENSAO TECNOLOGICA
751,750,NOV - GABINETE DO DG NOVA VENECIA
777,776,NOV - INTEGRACAO ESTAGIO-EMPRESA
769,768,NOV - OBRAS E MANUT
774,771,NOV - POLO/NUCLEO DE EDUC AMB
783,782,NOV - PROTOCOLO ACADEMICO
779,776,NOV - RELACOES EMPRESARIAIS
851,849,PIU - AUDITORIA INTERNA PIUMA
869,860,PIU - COORD DE ALMOXARIFADO E PATRIMONIO
893,892,PIU - COORD DE APOIO AO ENSINO
896,892,PIU - COORD DE ATEND MULTIDISCIPLINAR
894,892,PIU - COORD DE BIBLIOTECA
856,854,PIU - COORD DE CADASTRO E BENEFICIOS
853,849,PIU - COORD DE COMUNIC SOCIAL E EVENTOS
863,860,PIU - COORD DE CONTABILIDADE
872,870,PIU - COORD DE CURSOS E PROGRAMAS DE POS-GRAD
867,860,PIU - COORD DE ENG E MANUT
862,860,PIU - COORD DE EXEC ORC E FIN
874,870,PIU - COORD DE EXTENSAO
885,883,PIU - COORD DE FORMACAO GERAL
864,860,PIU - COORD DE GESTAO DE CONTRATOS
890,883,PIU - COORD DE GESTAO PEDAGOGICA
875,870,PIU - COORD DE INTEG CAMPUS-COMUNIDADE
880,870,PIU - COORD DE LABORATORIOS
858,854,PIU - COORD DE LEGISL E NORMAS DE PESSOAL
865,860,PIU - COORD DE LICITACOES E COMPRAS
857,854,PIU - COORD DE PAGAMENTO DE PESSOAS
871,870,PIU - COORD DE PESQ
884,883,PIU - COORD DE PLANEJ ACADEMICO
861,860,PIU - COORD DE PROTOCOLO E ARQUIVO
895,892,PIU - COORD DE RECURSOS DIDATICOS
891,883,PIU - COORD DE REGISTRO ACADEMICO
855,854,PIU - COORD DE SELECAO E DESENV DE PESSOAS
866,860,PIU - COORD DE SERV AUX E TRANSP
852,849,PIU - COORD DE TI
886,883,PIU - COORD DO CURSO DE ENG DE PESCA
887,883,PIU - COORD DO CURSO TEC EM AQUICULTURA
888,883,PIU - COORD DO CURSO TEC EM PESCA
889,883,PIU - COORD DO CURSO TEC EM PROC DE PESCADO
860,859,"PIU - COORD GERAL DE ADM, ORC E FIN"
892,881,PIU - COORD GERAL DE ASSIST A COMUNIDADE
883,881,PIU - COORD GERAL DE ENSINO
854,849,PIU - COOR GERAL DE GESTAO DE PESSOAS
859,849,PIU - DIR DE ADM E PLANEJ
881,849,PIU - DIR DE ENSINO
870,849,"PIU - DIR DE PESQ, POS-GRAD E EXT"
849,848,PIU - DIRETORIA GERAL PIUMA
877,875,PIU - EXTENSAO COMUNITARIA
879,875,PIU - EXTENSAO TECNOLOGICA
850,849,PIU - GABINETE DG PIUMA
876,875,PIU - INTEGRACAO ESTAGIO-EMPRESA
868,867,PIU - OBRAS E MANUT
873,870,PIU - POLO/NUCLEO DE EDUC AMB
882,881,PIU - PROTOCOLO ACADEMICO
878,875,PIU - RELACOES EMPRESARIAIS
143,142,REI - AGENCIA DE INOVACAO DO IFES
1298,1293,REI - ASSESSORIA DE COMUNICACAO DO POLO DE INOVACAO
141,140,REI - ASSESSORIA PEDAGOGICA
116,115,REI - CENTRO DE REFERENCIA EM FORMACAO E EAD
162,158,REI - COORD DE DESENVOLVIMENTO DE PESSOAS
153,146,REI - COORD DE INFRAESTRUTURA E SERVICOS
151,146,"REI - COORD DE PATRIMONIO, MATERIAIS E SUPRIME"
1299,121,REI - COORD DE POS GRAD EM TEC EDUCACIONAIS
1300,121,REI - COORD DO PROG DE POS GRAD EM EDU EM CIE E MAT
163,158,REI - COORDENADORIA DE ATENCAO A SAUDE
125,121,REI - COORDENADORIA DE ATENDIMENTO MULTIDISCIP
124,121,REI - COORDENADORIA DE BIBLIOTECA
160,158,REI - COORDENADORIA DE CADASTRO DE PESSOAS
123,121,REI - COORDENADORIA DE CURSOS
127,126,REI - COORDENADORIA DE EXTENSAO
164,158,REI - COORDENADORIA DE LEGISLACAO E NORMAS
150,146,REI - COORDENADORIA DE LICITACAO E COMPRAS
161,158,REI - COORDENADORIA DE PAGAMENTO DE PESSOAS
130,126,REI - COORDENADORIA DE PESQUISA
152,146,REI - COORDENADORIA DE PROTOCOLO E ARQUIVOS
159,158,REI - COORDENADORIA DE SELECAO DE PESSOAS
1297,1293,REI - COORDENADORIA DO PFRH PI
139,136,REI - COORDENADORIA GERAL DE ACOES DE EXTENSAO
118,116,REI - COORDENADORIA GERAL DE ADMINISTRACAO
121,116,REI - COORDENADORIA GERAL DE ENSINO
126,116,REI - COORDENADORIA GERAL DE PESQUISA E EXTENS
103,102,REI - COORDENADORIA GERAL DE PROC SELETIVOS
119,116,REI - COORDENADORIA GERAL DE TEC DA INFORMACAO
120,116,REI - COORDENADORIA GERAL DE TEC EDUCACIONAIS
147,146,REI - COORD GERAL DE CONTABILIDADE E CONTROLE
148,146,REI - COORD GERAL DE EXECUCAO ORC E FIN
149,146,REI - COORD GERAL DE GESTAO E CONTROLE ADM
168,165,REI - COORD GERAL DE INFRAESTRUTURA E TELECOMU
157,156,REI - COORD GERAL DE PROJ E OBRAS DE ENGENHARI
169,165,REI - COORD GERAL DE SEGURANCA DE TI
167,165,REI - COORD GERAL DE SISTEMAS DE INFORMACAO
166,165,REI - COORD GERAL DE SUPORTE E SERVICOS DE TI
140,136,REI - DIR DE REL EMPRESARIAIS E EXT COMUNITARI
146,144,REI - DIRETORIA DE ADMINISTRACAO E ORCAMENTO
115,110,REI - DIRETORIA DE EDUCACAO A DISTANCIA
113,110,REI - DIRETORIA DE ENSINO TECNICO
142,136,REI - DIRETORIA DE EXTENSAO TECNOLOGICA
158,154,REI - DIRETORIA DE GESTAO DE PESSOAS
114,110,REI - DIRETORIA DE GRADUACAO
134,132,REI - DIRETORIA DE PESQUISA
156,154,REI - DIRETORIA DE PLANEJAMENTO
1295,1293,REI - DIRETORIA DE PLANEJAMENTO E NEGOCIOS PI
135,132,REI - DIRETORIA DE POS-GRADUACAO
165,154,REI - DIRETORIA DE TECNOLOGIA DA INFORMACAO
1293,1274,REI - DIRETORIA GERAL DO POLO DE INOVACAO
1296,1293,REI - GERENCIA DE PROCESSOS E PROJETOS PI
1275,1293,REI - GERENCIA DE RECURSOS INSTITUCIONAIS DO POLO DE INOVACAO
107,1280,REI - REITORIA - ASSESSORIA DE COMUNICAÇÃO SOCIAL
106,1280,REI - REITORIA - ASSESSORIA PROCESSUAL
105,1280,REI - REITORIA - ASSESSORIA TECNICA
170,1280,REI - REITORIA - AUDITORIA INTERNA DO IFES
109,1280,REI - REITORIA - COMISSAO DE ETICA
102,1280,REI - REITORIA - DIRETORIA EXECUTIVA
101,1280,REI - REITORIA - GABINETE DA REITORIA
104,1280,REI - REITORIA - OUVIDORIA
1274,1280,REI - REITORIA - POLO DE INOVAÇÃO VITÓRIA
108,1280,REI - REITORIA - PROCURADORIA FEDERAL
144,1280,REI - REITORIA - PRO-REITORIA DE ADMINISTRACAO E ORCAMENT
154,1280,REI - REITORIA - PRO-REITORIA DE DESENVOLVIMENTO INSTITUC
110,1280,REI - REITORIA - PRO-REITORIA DE ENSINO
136,1280,REI - REITORIA - PRO-REITORIA DE EXTENSAO
132,1280,REI - REITORIA - PRO-REITORIA DE PESQUISA E POS-GRADUACAO
122,121,REI - SECRETARIA ACADEMICA
145,144,REI - SECRETARIA DA PROAD
155,154,REI - SECRETARIA DA PRODI
111,110,REI - SECRETARIA DA PROEN
137,136,REI - SECRETARIA DA PROEX
133,132,REI - SECRETARIA DA PRPPG
138,136,REI - SECRETARIA DE CULTURA E DIFUSAO
112,110,REI - SECRETARIA DE REGISTRO DE DIPLOMAS
117,116,REI - SECRETARIA DO CEFOR
1294,1293,REI - SECRETARIA EXECUTIVA DO POLO DE INOVACAO
129,127,REI - SETOR DE ESTAGIO
131,130,REI - SETOR DE LABORATORIO
128,127,REI - SETOR DE SELECAO
100,605,REITORIA
1280,100,REITORIA GERAL
1006,1004,SER - AUDITORIA INTERNA_SERRA
1279,1039,SER - COORD CURSO TEC EM MANUT E SUP INFORMATICA
1025,1015,SER - COORD DE ALMOXARIFADO
1049,1048,SER - COORD DE APOIO AO ENSINO
1052,1048,SER - COORD DE ATEND MULTIDISCIPLINAR
1050,1048,SER - COORD DE BIBLIOTECA
1011,1009,SER - COORD DE CADASTRO E BENEFICIOS
1008,1004,SER - COORD DE COMUNIC SOCIAL E EVENTOS
1018,1015,SER - COORD DE CONTABILIDADE
1028,1026,SER - COORD DE CURSOS E PROGRAMAS DE POS-GRADU
1022,1015,SER - COORD DE ENG E MANUT
1017,1015,SER - COORD DE EXEC ORC E FIN
1030,1026,SER - COORD DE EXTENSAO
1041,1039,SER - COORD DE FORMACAO GERAL
1019,1015,SER - COORD DE GESTAO DE CONTRATOS
1046,1039,SER - COORD DE GESTAO PEDAGOGICA
1031,1026,SER - COORD DE INTEG CAMPUS-COMUNIDADE
1036,1026,SER - COORD DE LABORATORIOS
1013,1009,SER - COORD DE LEGISL E NORMAS DE PESSOAL
1020,1015,SER - COORD DE LICIT E COMPRAS
1012,1009,SER - COORD DE PAGAMENTO DE PESSOAS
1024,1015,SER - COORD DE PATRIMONIO
1027,1026,SER - COORD DE PESQUISA
1040,1039,SER - COORD DE PLANEJ ACADEMICO
1016,1015,SER - COORD DE PROTOCOLO E ARQUIVO
1051,1048,SER - COORD DE RECURSOS DIDATICOS
1047,1039,SER - COORD DE REGISTRO ACADEMICO
1010,1009,SER - COORD DE SELECAO E DESENV DE PESSOAS
1021,1015,SER - COORD DE SERV AUX E TRANSP
1007,1004,SER - COORD DE TI
1042,1039,SER - COORD DO CURSO DE ENG DE CONT E AUTOM
1289,1039,SER - COORD DO CURSO MESTRADO ENG CONT E AUTOM
1043,1039,SER - COORD DO CURSO SUP EM INFORMATICA
1044,1039,SER - COORD DO CURSO TEC EM AUT IND
1045,1039,SER - COORD DO CURSO TEC EM INF
1015,1014,"SER - COORD GERAL DE ADM, ORC E FIN"
1048,1037,SER - COORD GERAL DE ASSISTENCIA A COMUNIDADE
1039,1037,SER - COORD GERAL DE ENSINO
1009,1004,SER - COORD GERAL DE GESTAO DE PESSOAS
1014,1004,SER - DIR DE ADM E PLANEJ
1037,1004,SER - DIR DE ENSINO
1026,1004,"SER - DIR DE PESQ, POS-GRAD E EXT"
1004,1003,SER - DIRETORIA GERAL CAMPUS SERRA
1033,1031,SER - EXTENSAO COMUNITARIA
1035,1031,SER - EXTENSAO TECNOLOGICA
1005,1004,SER - GABINETE DO DG SERRA
1032,1031,SER - INTEG ESTAGIO-EMPRESA
1023,1022,SER - OBRAS E MANUT
1029,1026,SER - POLO/NUCLEO DE EDUC AMB
1038,1037,SER - PROTOCOLO ACADEMICO
1034,1031,SER - RELACOES EMPRESARIAIS
972,970,SMT - AUDITORIA INTERNA
976,1258,SMT - COORD DE ALMOXARIFADO E PATRIMONIO
999,998,SMT - COORD DE APOIO AO ENSINO
1002,998,SMT - COORD DE ATEND MULTIDISCIPLINAR
1000,998,SMT - COORD DE BIBLIOTECA
1254,1252,SMT - COORD DE CADASTRO E BENEFICIOS
1251,970,SMT - COORD DE COMUNIC SOCIAL E EVENTOS
1261,1258,SMT - COORD DE CONTABILIDADE
979,977,SMT - COORD DE CURSOS E PROGRAMAS DE POS-GRAD
974,1258,SMT - COORD DE ENG E MANUT
1260,1258,SMT - COORD DE EXEC ORC E FIN
981,977,SMT - COORD DE EXTENSAO
992,990,SMT - COORD DE FORMACAO GERAL
1262,1258,SMT - COORD DE GESTAO DE CONTRATOS
996,990,SMT - COORD DE GESTAO PEDAGOGICA
982,977,SMT - COORD DE INTEGRACAO CAMPUS-COMUNIDADE
987,977,SMT - COORD DE LABORATORIOS
1256,1252,SMT - COORD DE LEGISL E NORMAS DE PESSOAL
1263,1258,SMT - COORD DE LICITACOES E COMPRAS
1255,1252,SMT - COORD DE PAGAMENTO DE PESSOAS
978,977,SMT - COORD DE PESQ
991,990,SMT - COORD DE PLANEJ ACADEMICO
1259,1258,SMT - COORD DE PROTOCOLO E ARQUIVO
1001,998,SMT - COORD DE REC DIDATICOS
997,990,SMT - COORD DE REG ACADEMICO
1253,1252,SMT - COORD DE SELECAO E DESENV DE PESSOAS
1264,1258,SMT - COORD DE SERV AUX E TRANSP
973,970,SMT - COORD DE TI
993,990,SMT - COORD DO CURSO DE ENG MEC
995,990,SMT - COORD DO CURSO TEC EM ELETROTECNICA
994,990,SMT - COORD DO CURSO TEC EM MEC
1258,1257,"SMT - COORD GERAL DE ADM, ORC E FIN"
998,988,SMT - COORD GERAL DE ASSIST A COMUNIDADE
990,988,SMT - COORD GERAL DE ENSINO
1252,970,SMT - COORD GERAL DE GESTAO DE PESSOAS
1257,970,SMT - DIR DE ADM E PLANEJ
988,970,SMT - DIR DE ENSINO
977,970,"SMT - DIR DE PESQ, POS-GRAD E EXT"
970,969,SMT - Diretoria Geral SMT
984,982,SMT - EXTENSAO COMUNITARIA
986,982,SMT - EXTENSAO TECNOLOGICA
971,970,SMT - GABINETE DO DG SMT
983,982,SMT - INTEG ESTAGIO-EMPRESA
975,974,SMT - OBRAS E MANUT
980,977,SMT - POLO/NUCLEO DE EDUC AMB
989,988,SMT - PROTOCOLO ACADEMICO
985,982,SMT - RELACOES EMPRESARIAIS
929,926,STA - ANIMAIS DE GRANDE PORTE
928,926,STA - ANIMAIS DE MEDIO PORTE
927,926,STA - ANIMAIS DE PEQ PORTE
935,920,STA - AQUICULTURA
900,898,STA - AUDITORIA INTERNA ST
931,930,STA - CARNES
936,920,STA - COOPERATIVA
968,961,STA - COORD AMBULATORIAL
921,920,STA - COORD DE AGRICULTURA
930,920,STA - COORD DE AGROINDUSTRIA
966,961,STA - COORD DE ALIMENTACAO E NUTRICAO
919,909,STA - COORD DE ALMOXARIFADO
962,961,STA - COORD DE APOIO AO ENSINO
965,961,STA - COORD DE ATEN MULTIDISCIPLINAR
963,961,STA - COORD DE BIBLIOTECA
905,903,STA - COORD DE CADASTRO E BENEFICIOS
902,898,STA - COORD DE COMUNIC SOCIAL E EVENTOS
912,909,STA - COORD DE CONTABILIDADE
939,937,STA - COORD DE CURSOS E PROGRAMAS DE POS-GRAD
916,909,STA - COORD DE ENG E MANUT
911,909,STA - COORD DE EXEC ORC E FIN
941,937,STA - COORD DE EXTENSAO
952,950,STA - COORD DE FORMACAO GERAL
913,909,STA - COORD DE GESTAO DE CONTRATOS
959,950,STA - COORD DE GESTAO PEDAGOGICA
942,937,STA - COORD DE INTEG CAMPUS-COMUNIDADE
967,961,STA - COORD DE INTERNATO
947,937,STA - COORD DE LABORATORIOS
907,903,STA - COORD DE LEGISL E NORMAS DE PESSOAS
914,909,STA - COORD DE LICITACOES E COMPRAS
906,903,STA - COORD DE PAGAMENTO DE PESSOAS
918,909,STA - COORD DE PATRIMONIO
938,937,STA - COORD DE PESQUISA
951,950,STA - COORD DE PLANEJ ACADEMICO
910,909,STA - COORD DE PROTOCOLO E ARQUIVO
964,961,STA - COORD DE RECURSOS DIDATICOS
960,950,STA - COORD DE REGISTRO ACADEMICO
904,903,STA - COORD DE SELECAO E DESENV DE PESSOAS
915,909,STA - COORD DE SERV AUX E TRANSP
901,898,STA - COORD DE TI
926,920,STA - COORD DE ZOOTECNIA
953,950,STA - Coord do Curso de Agronomia
954,950,STA - Coord do Curso de Lic em Cien Biologicas
958,950,STA - COORD DO CURSO TEC EM AGROINDUSTRIA
957,950,STA - COORD DO CURSO TEC EM AGROPECUARIA
956,950,STA - COORD DO CURSO TEC EM MEIO AMB
955,950,STA - COORD DO CURSO TECN EM ANALISE E DESEN
909,908,"STA - COORD GERAL DE ADM, ORC E FIN"
961,948,STA - COORD GERAL DE ASSIST A COMUNIDADE
950,948,STA - COORD GERAL DE ENSINO
920,908,STA - COORD GERAL DE GESTAO DE CAMPO
903,898,STA - COORD GERAL DE GESTAO DE PESSOAS
923,921,STA - CULTURAS ANUAIS
924,921,STA - CULTURAS PERENES
908,898,STA - DIR DE ADM E PLANEJ
948,898,STA - DIR DE ENSINO
937,898,"STA - DIR DE PESQ, POS-GRAD E EXT"
898,897,STA - DIRETORIA GERAL SANTA TERESA
944,942,STA - EXTENSAO COMUNITARIA
946,942,STA - EXTENSAO TECNOLOGICA
899,898,STA - GABINETE DO DG STA
943,942,STA - INTEGRACAO ESTAGIO-EMPRESA
932,930,STA - LATICINIOS
934,920,STA - MECANIZACAO RURAL
917,916,STA - OBRAS E MANUT
922,921,STA - OLERICULTURA
940,937,STA - POLO/NUCLEO DE EDUC AMB
949,948,STA - PROTOCOLO ACADEMICO
945,942,STA - RELACOES EMPRESARIAIS
933,930,STA - VEGETAIS
925,921,STA - VIVEIROS
1224,1221,VIA - COORD DE ADM E PLANEJ
1228,1225,VIA - COORD DE ATEND MULTIDISCIPLINAR
1226,1225,VIA - COORD DE BIBLIOTECA
1227,1225,VIA - COORD DE REGISTRO ACADEMICO
1223,1221,VIA - COORD DE TI
1230,1225,VIA - COORD DO CURSO TEC EM LOGISTICA
1229,1225,VIA - COORD DO CURSO TECNOLOGO EM LOGISTICA
1291,1225,VIA - COORDENADORIA GERAL DE ENSINO
1303,1221,VIA - COORD GERAL DE GESTAO DE PESSOAS
1225,1221,"VIA - DIR DE ENS, PESQ E EXTENSAO"
1221,1220,VIA - DIRETORIA GERAL VIANA
1222,1221,VIA - GABINETE DA DG VIANA
1154,1152,VIT - AUDITORIA INTERNA VITORIA
1219,1214,VIT - COORD AMBULATORIAL
1173,1163,VIT - COORD DE ALMOXARIFADO
1215,1214,VIT - COORD DE APOIO AO ENSINO
1218,1214,VIT - COORD DE ATENDIMENTO MULTIDISCIPLINAR
1216,1214,VIT - COORD DE BIBLIOTECA
1159,1157,VIT - COORD DE CADASTRO E BENEFICIOS
1193,1187,VIT - COORD DE CIENCIAS HUMANAS
1189,1187,VIT - COORD DE CODIGOS E LINGUAGENS
1156,1152,VIT - COORD DE COMUNIC SOCIAL E EVENTOS
1166,1163,VIT - COORD DE CONTABILIDADE
1194,1187,VIT - COORD DE EDUCACAO FISICA
1170,1163,VIT - COORD DE ENG E MANUT
1165,1163,VIT - COORD DE EXEC ORC E FIN
1191,1187,VIT - COORD DE FISICA
1167,1163,VIT - COORD DE GESTAO DE CONTRATOS
1211,1187,VIT - COORD DE GESTAO PEDAGOGICA
1196,1187,VIT - COORD DE GUIA DE TURISMO/PROEJA
1180,1179,VIT - COORD DE INTEG CAMPUS-COMUNIDADE
1177,1174,VIT - COORD DE LABORATORIOS
1161,1157,VIT - COORD DE LEGISL E NORMAS DE PESSOAL
1168,1163,VIT - COORD DE LICITACOES E COMPRAS
1190,1187,VIT - COORD DE MATEMATICA
1160,1157,VIT - COORD DE PAGAMENTO DE PESSOAS
1172,1163,VIT - COORD DE PATRIMONIO
1175,1174,VIT - COORD DE PESQUISA
1188,1187,VIT - COORD DE PLANEJ ACADEMICO
1164,1163,VIT - COORD DE PROTOCOLO E ARQUIVO
1192,1187,VIT - COORD DE QUIMICA E BIOLOGIA
1217,1214,VIT - COORD DE RECURSOS DIDATICOS
1213,1187,VIT - COORD DE REG ACAD DOS CURSOS SUPERIORES
1212,1187,VIT - COORD DE REG ACADEMICO DOS CURSOS TECNIC
1158,1157,VIT - COORD DE SELECAO E DESENV DE PESSOAS
1169,1163,VIT - COORD DE SERV AUX E TRANS
1155,1152,VIT - COORD DE TI
1201,1187,VIT - COORD DO CURSO DE ENG ELETRICA
1281,1187,VIT - COORD DO CURSO DE ENGENHARIA MECANICA
1202,1187,VIT - COORD DO CURSO DE ENG METALURGICA
1200,1187,VIT - COORD DO CURSO DE ENG SANI E AMBIENTAL
1199,1187,VIT - COORD DO CURSO DE LIC EM LETRAS
1203,1187,VIT - COORD DO CURSO DE LICEN EM MATEMATICA
1267,1187,VIT - COORD.DO CURSO DE MESTRADO PROF EM LETRA
1208,1187,VIT - COORD DO CURSO TEC EM EDIFICACOES
1209,1187,VIT - COORD DO CURSO TEC EM ELETROTECNICA
1207,1187,VIT - COORD DO CURSO TEC EM ESTRADAS
1204,1187,VIT - COORD DO CURSO TEC EM GEOPROCESSAMENTO
1205,1187,VIT - COORD DO CURSO TEC EM MECANICA
1210,1187,VIT - COORD DO CURSO TEC EM METAL E MATERIAIS
1206,1187,VIT - COORD DO CURSO TEC EM SEGUR DO TRAB
1282,1187,VIT - COORD DO CURSO TECNICO EM MEIO AMBIENTE
1198,1174,VIT - COORD DO PROG DE POS EM EDU EM CIE E MAT
1197,1174,VIT - COORD DO PROG DE POS EM ENG METAL E MATE
1278,1187,VIT - COORD DO PROG DE PÓS EM ENSINO DE HUMANIDADES
1287,1187,VIT - COORDENADORIA PROEJA
1176,1174,VIT - COORD E POS-GRAD
1163,1162,"VIT - COORD GERAL DE ADM, ORC E FIN"
1214,1185,VIT - COORD GERAL DE ASSIST A COMUNIDADE
1187,1185,VIT - COORD GERAL DE ENSINO
1157,1152,VIT - COORD GERAL DE GESTAO DE PESSOAS
1301,1174,VIT - COORD PROG POS GRAD EM EDU PROF E TEC
1266,1187,VIT - Coord Programa Mest Prof em Tec Sust
1162,1152,VIT - DIR DE ADM E PLANEJ
1185,1152,VIT - DIR DE ENSINO
1179,1152,VIT - DIR DE EXTENSAO
1174,1152,VIT - DIR DE PESQ E POS-GRAD
1152,1151,VIT - DIRETORIA GERAL VITORIA
1181,1180,VIT - EXTENSAO COMUNITARIA
1183,1180,VIT - EXTENSAO TECNOLOGICA
1153,1152,VIT - GABINETE DO DG VITORIA
1184,1180,VIT - INTEG ESTAGIO-EMPRESA
1171,1170,VIT - OBRAS E MANUT
1178,1174,VIT - POLO/NUCLEO DE EDUC AMB
1186,1185,VIT - PROTOCOLO ACADEMICO
1182,1180,VIT - RELACOES EMPRESARIAIS
1056,1054,VNI - AUDITORIA INTERNA VNI
1075,1065,VNI - COORD DE ALMOXARIFADO
1098,1097,VNI - COORD DE APOIO AO ENSINO
1101,1097,VNI - COORD DE ATEND MULTIDISCIPLINAR
1099,1097,VNI - COORD DE BIBLIOTECA
1061,1059,VNI - COORD DE CADASTRO E BENEFICIOS
1058,1054,VNI - COORD DE COMUNIC SOCIAL E EVENTOS
1068,1065,VNI - COORD DE CONTABILIDADE
1078,1076,VNI - COORD DE CURSOS E PROGRAMAS DE POS-GRAD
1072,1065,VNI - COORD DE ENG E MANUT
1067,1065,VNI - COORD DE EXEC ORC E FIN
1080,1076,VNI - COORD DE EXTENSAO
1091,1089,VNI - COORD DE FORMACAO GERAL
1069,1065,VNI - COORD DE GESTAO DE CONTRATOS
1095,1089,VNI - COORD DE GESTAO PEDAGOGICA
1081,1076,VNI - COORD DE INTEG CAMPUS-COMUNIDADE
1086,1076,VNI - COORD DE LABORATORIOS
1063,1059,VNI - COORD DE LEGISL E NORMAS DE PESSOAL
1070,1065,VNI - COORD DE LICITACOES E COMPRAS
1062,1059,VNI - COORD DE PAGAMENTO DE PESSOAS
1074,1065,VNI - COORD DE PATRIMONIO
1077,1076,VNI - COORD DE PESQUISA
1090,1089,VNI - COORD DE PLANEJ ACADEMICO
1066,1065,VNI - COORD DE PROTOCOLO E ARQUIVO
1100,1097,VNI - COORD DE RECURSOS DIDATICOS
1096,1089,VNI - COORD DE REGISTRO ACADEMICO
1060,1059,VNI - COORD DE SELECAO E DESENV DE PESSOAS
1071,1065,VNI - COORD DE SERV AUX E TRANSP
1057,1054,VNI - COORD DE TI
1092,1089,VNI - COORD DO CURSO BAC EM CIEN E TEC DE ALIM
1302,1089,VNI - COORD DO CURSO BACHAR EM ADMINISTRAÇÃO
1290,1089,VNI - COORD DO CURSO LIC EM LETRAS PORTUGUES
1094,1089,VNI - COORD DO CURSO TEC EM ADM
1093,1089,VNI - COORD DO CURSO TEC EM AGROINDUSTRIA
1065,1064,"VNI - COORD GERAL DE ADM, ORC E FIN"
1097,1087,VNI - COORD GERAL DE ASSIST A COMUNIDADE
1089,1087,VNI - COORD GERAL DE ENSINO
1059,1054,VNI - COORD GERAL DE GESTAO DE PESSOAS
1064,1054,VNI - DIR DE ADM E PLANEJ
1087,1054,VNI - DIR DE ENSINO
1076,1054,"VNI - DIR DE PESQ, POS-GRAD E EXT"
1054,1053,VNI - DIRETORIA GERAL VNI
1083,1081,VNI - EXTENSAO COMUNITARIA
1085,1081,VNI - EXTENSAO TECNOLOGICA
1055,1054,VNI - GABINETE DO DG VNI
1082,1081,VNI - INTEG ESTAGIO-EMPRESA
1073,1072,VNI - OBRAS E MANUT
1079,1076,VNI - POLO/NUCLEO DE EDUC AMB
1088,1087,VNI - PROTOCOLO ACADEMICO
1084,1081,VNI - RELACOES EMPRESARIAIS
1105,1103,VVL - AUDITORIA INTERNA VV
1123,1114,VVL - COORD DE ALMOXARIFADO E PATRIMONIO
1147,1146,VVL - COORD DE APOIO AO ENSINO
1150,1146,VVL - COORD DE ATEND MULTIDISCIPLINAR
1148,1146,VVL - COORD DE BIBLIOTECA
1110,1108,VVL - COORD DE CADASTRO E BENEFICIOS
1107,1103,VVL - COORD DE COMUNIC SOCIAL E EVENTOS
1117,1114,VVL - COORD DE CONTABILIDADE
1126,1124,VVL - COORD DE CURSOS E PROGRAMAS DE POS-GRAD
1121,1114,VVL - COORD DE ENG E MANUT
1116,1114,VVL - COORD DE EXEC ORC E FIN
1128,1124,VVL - COORD DE EXTENSAO
1139,1137,VVL - COORD DE FORMACAO GERAL
1118,1114,VVL - COORD DE GESTAO DE CONTRATOS
1144,1137,VVL - COORD DE GESTAO PEDAGOGICA
1129,1124,VVL - COORD DE INTEG CAMPUS-COMUNIDADE
1134,1124,VVL - COORD DE LABORATORIOS
1112,1108,VVL - COORD DE LEGISL E NORMAS DE PESSOAL
1119,1114,VVL - COORD DE LICIT E COMPRAS
1111,1108,VVL - COORD DE PAGAMENTO DE PESSOAS
1125,1124,VVL - COORD DE PESQUISA
1138,1137,VVL - COORD DE PLANEJ ACADEMICO
1115,1114,VVL - COORD DE PROTOCOLO E ARQUIVO
1149,1146,VVL - COORD DE RECURSOS DIDATICOS
1145,1137,VVL - COORD DE REGISTRO ACADEMICO
1109,1108,VVL - COORD DE SELECAO E DESEN DE PESSOAS
1120,1114,VVL - COORD DE SERV AUX E TRANSP
1106,1103,VVL - COORD DE TI
1140,1137,VVL - COORD DO CURSO DE LICENC EM QUIM
1141,1137,VVL - COORD DO CURSO DE QUIMICA INDUSTRIAL
1142,1137,VVL - COORD DO CURSO TEC EM BIOTECNOLOGIA
1143,1137,VVL - COORD DO CURSO TEC EM QUIM
1114,1113,"VVL - COORD GERAL DE ADM, ORC E FIN"
1146,1135,VVL - COORD GERAL DE ASSIST A COMUNIDADE
1137,1135,VVL - COORD GERAL DE ENSINO
1108,1103,VVL - COORD GERAL DE GESTAO DE PESSOAS
1113,1103,VVL - DIR DE ADM E PLANEJ
1135,1103,VVL - DIR DE ENSINO
1124,1103,"VVL - DIR DE PESQ, POS-GRAD E EXT"
1103,1102,VVL - DIRETORIA GERAL VV
1131,1129,VVL - EXTENSAO COMUNITARIA
1133,1129,VVL - EXTENSAO TECNOLOGICA
1104,1103,VVL - GABINETE DO DG VV
1130,1129,VVL - INTEG ESTAGIO-EMPRESA
1122,1121,VVL - OBRAS E MANUT
1127,1124,VVL - POLO/NUCLEO DE EDUC AMB
1136,1135,VVL - PROTOCOLO ACADEMICO
1132,1129,VVL - RELACOES EMPRESARIAIS
